conversation_id_str,created_at,favorite_count,full_text,id_str,image_url,in_reply_to_screen_name,lang,location,quote_count,reply_count,retweet_count,tweet_url,user_id_str,username,latitude,longitude,detected_country
1895345579611521443,Fri Feb 28 05:29:34 +0000 2025,65,Hari kerja terakhir karyawan Sritex... #IndonesiaGelap #KaburAjaDulu #DanantaraKonspirasiJahat https://t.co/f9072ER9YK,1895345579611521443,https://pbs.twimg.com/ext_tw_video_thumb/1895345323041501184/pu/img/wAIIDJ8uY2puYW0W.jpg,,in,Jakarta Selatan,3,24,19,https://x.com/RickyKardjono/status/1895345579611521443,941458748,RickyKardjono,-6.28381815,106.80486325728526,Indonesia
1895312943539200303,Fri Feb 28 03:19:53 +0000 2025,157,Teriak di medsos #KaburAjaDulu . Faktanya Yaman keparat ini bisa hidup seenak udelnya disini.,1895312943539200303,,,in,"DKI Jakarta, Indonesia",11,116,29,https://x.com/Franken_blues/status/1895312943539200303,1301242545888849921,Franken_blues,-6.1754049,106.827168,Indonesia
1895066745599336483,Thu Feb 27 11:01:35 +0000 2025,17884,Barusan banget buka website Imigrasi New Zealand ngecekin syarat visa buat liburan. Landing page langsung ada pengumuman kalau yg mau jadi guru SD di NZ bisa dapat pathway jadi residen. Mana tau ada sobat #KaburAjaDulu yg butuh info ini yekan...,1895066745599336483,,,in,"Brisbane, Queensland",389,219,3759,https://x.com/AmirahWahdi/status/1895066745599336483,68827009,AmirahWahdi,-27.4689682,153.0234991,Australia
1894505797213983148,Tue Feb 25 21:52:34 +0000 2025,214,maaf gabisa ikutan trend #KaburAjaDulu soalnya indonesia seseru itu https://t.co/oUY3Ok5cz7,1894505797213983148,https://pbs.twimg.com/amplify_video_thumb/1894505489888890880/img/U7z9YnKnaxrybRvD.jpg,,in,"Tangerang, Indonesia",0,197,5,https://x.com/nellesta12/status/1894505797213983148,2734530816,nellesta12,-6.1761924,106.6382161,Indonesia
1894370121050984507,Tue Feb 25 12:53:27 +0000 2025,409,Sekarang giliran nganter si Adek #KaburAjaDulu lagi. Nyusul kakaknya yg kemarin sudah duluan berangkat. Karena double degree UI-UQ dia dapat visa kerja pasca studi sarjana. Saya dorong dia untuk cari pengalaman di sana. Sebelum nanti bikin perusahaan sendiri. https://t.co/VW8MMIzB0Q,1894370121050984507,https://pbs.twimg.com/ext_tw_video_thumb/1894370015614291968/pu/img/DE52SnIYbXOwpAr7.jpg,,in,"Jakarta Selatan, DKI Jakarta",4,20,26,https://x.com/ismailfahmi/status/1894370121050984507,34075325,ismailfahmi,-6.28381815,106.80486325728526,Indonesia
1894189760861925646,Tue Feb 25 00:56:45 +0000 2025,409,Nganter Kakak #KaburAjaDulu lanjutin studinya. Alhamdulillah dapat Honours in Psychology program 1 tahun full time setelah bachelor. Go and pursue your dreams Kakaak! https://t.co/BawwGqcCp2,1894189760861925646,https://pbs.twimg.com/ext_tw_video_thumb/1894189586563145728/pu/img/8I1SIQJ4WP8tgyGz.jpg,,in,"Jakarta Selatan, DKI Jakarta",3,14,14,https://x.com/ismailfahmi/status/1894189760861925646,34075325,ismailfahmi,-6.28381815,106.80486325728526,Indonesia
1893964067511099461,Mon Feb 24 09:59:56 +0000 2025,227,Duta Besar Jepang Menyambut baik trend tagar #KaburAjaDulu dapat lampu ijo nih https://t.co/r8wpQvnaL4,1893964067511099461,https://pbs.twimg.com/ext_tw_video_thumb/1893963880079966208/pu/img/1KMtmJSubHeMpASh.jpg,,in,Bdg,0,226,2,https://x.com/dimasdimm_/status/1893964067511099461,1212075417466621952,dimasdimm_,35.0,63.75,ÿßŸÅÿ∫ÿßŸÜÿ≥ÿ™ÿßŸÜ
1893931207953350687,Mon Feb 24 07:49:22 +0000 2025,536,Foto kemarin sore. POV versi Nordic untuk yg pengen #KaburAjaDulu Semoga Tuhan mengabulkan secepatnya. Amin https://t.co/5lIdLLQZWL,1893931207953350687,https://pbs.twimg.com/media/GkiYY60WUAAm0Ho.jpg,,in,"Troms√∏, Norway",8,33,105,https://x.com/rykarlsen/status/1893931207953350687,165094284,rykarlsen,69.6516345,18.9558585,Norge
1893914172406042845,Mon Feb 24 06:41:40 +0000 2025,22,galau hari terakhir sebelum #KaburAjaDulu https://t.co/uEpmiVmRO4,1893914172406042845,https://pbs.twimg.com/amplify_video_thumb/1893914053225205760/img/LfrtusxYyfO-oIKW.jpg,,in,"Warsaw, Poland",1,24,0,https://x.com/imdinoz/status/1893914172406042845,1544130046159269888,imdinoz,52.2337172,21.071432235636493,Polska
1893858887675113630,Mon Feb 24 03:01:59 +0000 2025,91,Yang mau #KaburAjaDulu monggo melamar jadi dosen di ANU ,1893858887675113630,,,in,"Melbourne, Victoria",1,17,17,https://x.com/na_dirs/status/1893858887675113630,3895489933,na_dirs,-37.8142454,144.9631732,Australia
1893854383533658471,Mon Feb 24 02:44:05 +0000 2025,1750,Cimut lagi siap-siap #KaburAjaDulu https://t.co/1QASXxMrWF,1893854383533658471,https://pbs.twimg.com/media/GkhShP3WEAAgO34.jpg,,in,Jakarta Capital Region,5,21,121,https://x.com/ceritadungimut/status/1893854383533658471,1533380464311799808,ceritadungimut,-6.1754049,106.827168,Indonesia
1893525037371580677,Sun Feb 23 04:55:23 +0000 2025,635,Alhamdulillah akhirnya satu lagi milestone kedua kakak adik ini terlalui. No cumlaude no problem. Di rumah saya jadi minoritas sekarang. 1 ITB vs 3 UI. Setelah ini mereka akan #KaburAjaDulu lagi. Mumpung ada opportunity. Ô∏èÔ∏è https://t.co/AyQ3CxakrY,1893525037371580677,https://pbs.twimg.com/media/Gkcm_EXXgAAKOl1.jpg,,in,"Jakarta Selatan, DKI Jakarta",8,45,33,https://x.com/ismailfahmi/status/1893525037371580677,34075325,ismailfahmi,-6.28381815,106.80486325728526,Indonesia
1893450722588664240,Sun Feb 23 00:00:05 +0000 2025,15619,(Thread) Selamat pagi teman2. Memenuhi janji dan menyambung serial tweet #KaburAjaDulu kemarin ttg kita butuh lebih banyak orang Indonesia yg berkiprah di luar negeri izinkan kali ini saya ingin diskusi sedikit ttg diaspora &amp; crab mentality. Jadi begini...,1893450722588664240,,,in,Indonesia,145,102,3245,https://x.com/aniesbaswedan/status/1893450722588664240,110312278,aniesbaswedan,-2.4833826,117.8902853,Indonesia
1893250079051354135,Sat Feb 22 10:42:48 +0000 2025,329,Nggak semua polisi itu jelek kok #KaburAjaDulu #sukatani https://t.co/tElDUkXxzb,1893250079051354135,https://pbs.twimg.com/amplify_video_thumb/1893249987322028032/img/rvaYRr85CsFARsw2.jpg,,in,"Ishikawa-ken, Japan",10,71,94,https://x.com/kanankiriwow/status/1893250079051354135,203451263,kanankiriwow,36.9890574,136.8162839,Êó•Êú¨
1893186427145298265,Sat Feb 22 06:29:52 +0000 2025,716,3 Langkah #KaburAjaDulu buat kamu yang mau berkarir ke Luar Negeri biar cepet kaya! 1. Kerja di Luar Negeri &amp; dapet Gaji Gede 2. Uangnya ditabung 3. Buka bisnis deh di Indonesia Hayo siapa yang punya dream plan kaya gini?,1893186427145298265,,,in,"DKI Jakarta, Indonesia",4,544,30,https://x.com/UJunami/status/1893186427145298265,1376555310,UJunami,-6.1754049,106.827168,Indonesia
1893112570548310381,Sat Feb 22 01:36:23 +0000 2025,99,Makanya beli aipon 11 kak biar ada 0 5 nya.. #KaburAjaDulu #salamrispekampemaghrib #gupronbahasasemut https://t.co/5hyuN5UZM0,1893112570548310381,https://pbs.twimg.com/media/GkWv2AOXQAASzL2.jpg,,in,"Bandung Wetan, Indonesia",0,85,1,https://x.com/anakrajadubai/status/1893112570548310381,540703755,anakrajadubai,-6.9051357499999995,107.6166565844473,Indonesia
1893105943325626482,Sat Feb 22 01:10:03 +0000 2025,584,ya jelas banyak yang khawatir sebab penguasa memandang gerakan sosial rakyat hanya sebatas gerakan tagar padahal tagar berupa ajakan untuk bertindak cek aja #kaburajadulu #KamiBersamaSukatani #indoneiagelap hingga #AdiliJokowi adalah call to action bukan cuma sekedar tagar!,1893105943325626482,,,in,Indonesia,3,66,210,https://x.com/satriohendri/status/1893105943325626482,102938290,satriohendri,-2.4833826,117.8902853,Indonesia
1892471870877814945,Thu Feb 20 07:10:29 +0000 2025,139,Bagi yang minat #KaburAjaDulu khususnya Jepang harus siap-siap dengan bencana alam dan cuaca ekstrem di negara ini. - A Threads -,1892471870877814945,,,in,"Klaten, Jawa Tengah",1,123,1,https://x.com/DndySaputra/status/1892471870877814945,3152945558,DndySaputra,-7.673238749999999,110.62847849276437,Indonesia
1892465890748485945,Thu Feb 20 06:46:43 +0000 2025,3245,Dari pada #KaburAjaDulu mending #Web3AjaDulu Nih list 6 website untuk kalian cari kerja di Web3 dengan gaji diatas UMR!! 1. https://t.co/OBMlwcaN1l 2. https://t.co/SXW7Fp8XvP 3. https://t.co/SH1KJ8eXzg 4. https://t.co/L8E8LBkj9S 5. https://t.co/o9ctY6kfCY 6. https://t.co/53l36UO8Gi,1892465890748485945,https://pbs.twimg.com/media/GkNjsU5bUAgtuoW.jpg,,in,Singapore,12,66,784,https://x.com/yunepto/status/1892465890748485945,1369844139915812866,yunepto,1.357107,103.8194992,Singapore
1892450011767861327,Thu Feb 20 05:43:37 +0000 2025,3125,Jogja memanggil 20 feb 2025 Siang ini #IndonesiaGelap #PeringatanDarurat #KaburAjaDulu #Ndasmu https://t.co/ON3yzExAQG,1892450011767861327,https://pbs.twimg.com/ext_tw_video_thumb/1892449928045334528/pu/img/KLJIOCGl4ivt9Nnb.jpg,,in,"Yogyakarta, Indonesia",15,42,1216,https://x.com/Posperajogja1/status/1892450011767861327,1271711554275176449,Posperajogja1,-7.8011998,110.3646608,Indonesia
1892440748156416067,Thu Feb 20 05:06:48 +0000 2025,543, Ternyata tinggi badan menjadi salah satu syarat mutlak menjadi PNS?? #KaburAjaDulu #Ngik https://t.co/Pjntxg7ehi,1892440748156416067,https://pbs.twimg.com/media/GkNM1ILWwAApphK.jpg,,in,Indonesia,23,199,203,https://x.com/HumorJonTampan/status/1892440748156416067,257090687,HumorJonTampan,-2.4833826,117.8902853,Indonesia
1892438600823820330,Thu Feb 20 04:58:16 +0000 2025,606,. . PABRIK SANKEN AJA #KaburAjaDulu .. Masa Anak-Anak Muda Berprestasi Kita Engga ??!! Peduli Amat sama Omongan Mentri-Mentri NIR EMPATI itu Gaeesss .. Perdulilah sama Masa Depanmu dan Kluargamu BERHITUNG dan PERSIAPAN !!! Kalau memungkinkan buat KABUR .. KABUR AJA !!! . . https://t.co/YhBC76rf15,1892438600823820330,https://pbs.twimg.com/media/GkNK3mnbUAE3w9G.jpg,,in,Bermuda Triangle,16,81,209,https://x.com/StefanAntonio__/status/1892438600823820330,1529491450605768704,StefanAntonio__,25.0000146,-71.0005203,
1892417733972938834,Thu Feb 20 03:35:21 +0000 2025,2887,#KaburAjaDulu dibilang gak nasionalis giliran gerak di dalam negeri dengan demo #IndonesiaGelap malah dibilang cuma cari eksistensi dan gak substansial membela rakyat miskin. Emang yah jadi kelas menengah ngehe di konoha tuh serba salah,1892417733972938834,,,in,Indonesia,16,46,1949,https://x.com/hrdbacot/status/1892417733972938834,501800437,hrdbacot,-2.4833826,117.8902853,Indonesia
1892360907642040655,Wed Feb 19 23:49:33 +0000 2025,42,Tren #KaburAjaDulu Gubernur Lemhanas Ingatkan Pentingnya Nilai Kebangsaan https://t.co/GQ7WbbRMIZ,1892360907642040655,,,in,Indonesia,13,80,18,https://x.com/geloraco/status/1892360907642040655,3319260420,geloraco,-2.4833826,117.8902853,Indonesia
1892258117720953030,Wed Feb 19 17:01:06 +0000 2025,119,Mau nandingin #KaburAjaDulu sama #/PergiMigranPulangJuragan https://t.co/JhgQL9cXnS,1892258117720953030,https://pbs.twimg.com/ext_tw_video_thumb/1892258066521083905/pu/img/La6T7ICCLEfj32zP.jpg,,in,Indonesia ,10,76,26,https://x.com/Mdy_Asmara1701/status/1892258117720953030,1334853481019056128,Mdy_Asmara1701,-2.4833826,117.8902853,Indonesia
1892256498694107600,Wed Feb 19 16:54:40 +0000 2025,11105,Sebuah hasil kerandoman hari ini hasil dari #KaburAjaDulu Ketemu Bang Jay (Idzes) dan ngobrol sore cukup lama sama beliau. Ramah banget beliau demiiiiii ganyangka seramah ini orangnya!!!! https://t.co/T0AdQ8zoDj,1892256498694107600,https://pbs.twimg.com/media/GkKlOxFXwAA3VGB.jpg,,in,"Veneto, Italia",272,198,973,https://x.com/inidebi/status/1892256498694107600,1063147708809076736,inidebi,45.6476663,11.8665254,Italia
1892193838749331684,Wed Feb 19 12:45:41 +0000 2025,701,Jadi kalau #kaburajadulu kita akan dianggap sebagai warga kelas Dua ? Pak apa seniman seperti saya (yang bukan influencer atau buzzer dgn jutaan followers) bisa dianugerahi penghargaan sipil tertinggi dari negara? Ini saya di negeri orang loh pak. https://t.co/3BPFielIUN,1892193838749331684,,,in,Spain,7,54,234,https://x.com/anandasukarlan/status/1892193838749331684,32504174,anandasukarlan,39.3260685,-4.8379791,Espa√±a
1892187437654503701,Wed Feb 19 12:20:14 +0000 2025,25,Renungan akhir2 ini #KaburAjaDulu https://t.co/TnVFNRX62S,1892187437654503701,https://pbs.twimg.com/media/GkJmckMa4AEpKJ0.jpg,,in,"Kota Surabaya, Jawa Timur",0,18,1,https://x.com/ayamgeprek2023/status/1892187437654503701,1622917969985810432,ayamgeprek2023,-7.2459717,112.7378266,Indonesia
1892169944965493207,Wed Feb 19 11:10:44 +0000 2025,283,Mereka bikin kampanye Indonesia Gelap dalam berbagai bahasa. Nanti banyak negara justru memandang rendah WNI efeknya mau #KaburAjaDulu malah ditolak di banyak negara. Buntutnya nyalahin pemerintah lagi. Kan lawak banget.,1892169944965493207,,,in,"Bali, Indonesia",15,156,54,https://x.com/blisonny/status/1892169944965493207,1760157328291270657,blisonny,-8.2271303,115.1919203,Indonesia
1892147874563305670,Wed Feb 19 09:43:02 +0000 2025,71,Duh masa ada yg kirim gambar ini ktnya ternyata ini salah satu dari penggagas hesteg #KaburAjaDulu? Ngakak atuh saha ieu teh? ‚ÄçÔ∏è‚ÄçÔ∏è https://t.co/kzu63jIqwT,1892147874563305670,https://pbs.twimg.com/media/GkJCdeWbQAAB9qB.jpg,,in,Indonesia,2,36,26,https://x.com/AdamVelcro/status/1892147874563305670,267795457,AdamVelcro,-2.4833826,117.8902853,Indonesia
1892127844693631240,Wed Feb 19 08:23:26 +0000 2025,368,Halo rekan2 semua Menyambut Ramadan 1446H saya mengadakan 20 sesi konsultasi CS &amp; Data Master/PhD Scholarship GRATIS Semoga bisa dihitung sedekah di bulan suci nanti. Terima kasih #KaburAjaDulu #Ramadan2025 #Ramadan1446 https://t.co/2hf46HMbaG,1892127844693631240,https://pbs.twimg.com/media/GkIvibyWIAAJ5xl.jpg,,in,Wageningen üá≥üá±,15,21,137,https://x.com/rmdn_hani/status/1892127844693631240,107827019,rmdn_hani,51.9663016,5.6662814,Nederland
1892021293987606833,Wed Feb 19 01:20:03 +0000 2025,3188,Tamparan keras buat saya pribadi dan para ayah yang membuat Indonesia terkenal sebagai fatherless country Saat kerja di Indo bisa make time sama anak hanya 2-3 jam sehari setelah #KaburAjaDulu bisa main sama anak 7-8 jam sehari Beberapa alasan: - Commute time singkat 20 https://t.co/skOPJaa8Z4,1892021293987606833,https://pbs.twimg.com/media/GkHPVGFaAAAhki6.jpg,,in,Jakarta,61,26,963,https://x.com/girikuncoro/status/1892021293987606833,136962040,girikuncoro,-6.1754049,106.827168,Indonesia
1891889397777281097,Tue Feb 18 16:35:56 +0000 2025,35,Viral #KaburAjaDulu Wamenaker: Mau Kabur Kabur Saja Kalau Perlu Jangan Balik Lagi https://t.co/sQ4OtfQQUz,1891889397777281097,,,in,Indonesia,8,51,18,https://x.com/geloraco/status/1891889397777281097,3319260420,geloraco,-2.4833826,117.8902853,Indonesia
1891850290019651687,Tue Feb 18 14:00:32 +0000 2025,24,#IndonesiaGelap #IndonesiaGelap2025 Mending kata aku mh #KaburAjaDulu #KaburDuluAja Indonesia tidak baik2 aja,1891850290019651687,,,in,"Sukabumi, Indonesia",0,20,1,https://x.com/putr1432/status/1891850290019651687,1691307345807282176,putr1432,-6.9199289,106.9265095,Indonesia
1891849795767013594,Tue Feb 18 13:58:34 +0000 2025,1145,Yang boros siapa yang dituduh korupsi Jokowi. Anak-anak abah mending #KaburAjaDulu https://t.co/4Nf1a2nSYT,1891849795767013594,https://pbs.twimg.com/media/GkEzWxjWIAAxUzN.jpg,,in,"Bali, Indonesia",70,408,212,https://x.com/blisonny/status/1891849795767013594,1760157328291270657,blisonny,-8.2271303,115.1919203,Indonesia
1891831302883864995,Tue Feb 18 12:45:05 +0000 2025,2720,#kaburajadulu tagar ini membuat Para Pembantu Presiden RI ke 8 Jenderal TNI AD Kopassus Purn Bpk Prabowo Subiyanto Kebakaran Jenggot sampai tidak malu mengatakan pergi saja dan tidak usah kembali lagi. Mereka dulu lupa ya Pak Prabowo pernah Kabur ke Luar Negeri Yordania dan,1891831302883864995,,,in,Jakarta,31,233,603,https://x.com/ruhutsitompul/status/1891831302883864995,219244515,ruhutsitompul,-6.1754049,106.827168,Indonesia
1891828386533695660,Tue Feb 18 12:33:30 +0000 2025,3338,Gaperlu #kaburajadulu untuk bisa gaji USD! Bisa kok kerja remote $$ dari Indo tanpa visa. Udah 40+ orang dapet kerja remote internasional lewat FullFind di Fortune500 produser Mr Beast dll. Gua buat video penjelasan GRATIS. Mau? RT &amp; Reply FF - gua dm (hrs follow) https://t.co/CKe4XubBmp,1891828386533695660,https://pbs.twimg.com/media/GkEf5ByWMAAvsUv.jpg,,in,"Jakarta Capital Region, Indonesia",38,903,1024,https://x.com/Calvin_0619/status/1891828386533695660,421013140,Calvin_0619,-6.1166622,106.7786307,Indonesia
1891812247422308471,Tue Feb 18 11:29:22 +0000 2025,362,Aspirasi #KaburAjaDulu sudah disampaikan ,1891812247422308471,,,in,Singapore,1,23,23,https://x.com/ainunnajib/status/1891812247422308471,35167068,ainunnajib,1.357107,103.8194992,Singapore
1891802162872696939,Tue Feb 18 10:49:18 +0000 2025,86,Bukan karena kurang cinta tanah air tapi karena kurang dihargai di negara sendiri yg jadi alasan #KaburAjaDulu https://t.co/oWL4cLET8K,1891802162872696939,https://pbs.twimg.com/amplify_video_thumb/1891802073534251008/img/VWiCvXtsqB_VMMca.jpg,,in,Anywhere,1,13,13,https://x.com/eleanorr234/status/1891802162872696939,185084341,eleanorr234,-14.1601396,33.8624178,Malawi
1891801760341151838,Tue Feb 18 10:47:42 +0000 2025,597,Stlh sy lulus S3 di Groningen mau balik kok belum ada kerjaan di Indonesia jadinya lanjut #KaburAjaDulu ke Amsterdam selama 5 tahun. Sambil kerja di sebuah start up saya mulai coding untuk implementasi ilmu yg saya dapat saat S3. Dari situ lahir baby Drone Emprit. https://t.co/eWnWWjcvqD,1891801760341151838,https://pbs.twimg.com/media/GkEGpRTaAAAQUcl.jpg,,in,"Jakarta Selatan, DKI Jakarta",4,18,90,https://x.com/ismailfahmi/status/1891801760341151838,34075325,ismailfahmi,-6.28381815,106.80486325728526,Indonesia
1891794726321340786,Tue Feb 18 10:19:45 +0000 2025,816,Kenapa pejabat bisa se-reckless ini ya kalau ngasih statement. Sebagian orang yang #KaburAjaDulu itu Pekerja Migran Indonesia lho. Penyumbang devisa terbesar kedua setelah sektor migas dengan kontribusi sekitar 160-170T per tahun. Nggak tahu diri banget komentar kayak gini.,1891794726321340786,,,in,"Yogyakarta, Indonesia",2,15,301,https://x.com/nabiylarisfa/status/1891794726321340786,37574084,nabiylarisfa,-7.8011998,110.3646608,Indonesia
1891783172486017209,Tue Feb 18 09:33:50 +0000 2025,14651,Kalau gak bisa #KaburAjaDulu Kita #LawanAjaDulu #IndonesiaGelap Sampai jumpa hari Kamis.,1891783172486017209,,,in,"Pondok Cina, Depok",36,53,5566,https://x.com/neohistoria_id/status/1891783172486017209,1495326248100589569,neohistoria_id,-6.3690593,106.8320844,Indonesia
1891759292702724236,Tue Feb 18 07:58:57 +0000 2025,430,Saya diminta bicara di acara ini. Biasanya saya tolak undangan karena pengin menepi dan menyepi. Kali ini kok sulit kabur dari topik #KaburAjaDulu https://t.co/C8IT0KnDcS,1891759292702724236,https://pbs.twimg.com/media/GkDhCs-aEAAtnc4.jpg,,in,Jakarta Indonesia,11,121,77,https://x.com/prastow/status/1891759292702724236,88581196,prastow,-6.1754049,106.827168,Indonesia
1891745044589068649,Tue Feb 18 07:02:20 +0000 2025,152,Menteri Ketenagakerjaan Yassierli menyebut tagar #KaburAjaDulu yang ramai di media sosial sebagai tantangan bagi pemerintah untuk menciptakan lapangan kerja yang lebih baik di dalam negeri. ~SA #KaburAjaDulu #Menaker https://t.co/EOmQHUY1jJ,1891745044589068649,,,in,Jakarta,28,57,39,https://x.com/kompascom/status/1891745044589068649,23343960,kompascom,-6.1754049,106.827168,Indonesia
1891727992348365101,Tue Feb 18 05:54:34 +0000 2025,89,Nusron Wahid Respons #KaburAjaDulu: Itu Menandakan Kurang Cinta Tanah Air. SETUJU PAKE BANGET - - https://t.co/cF7nelX3Xi https://t.co/cbfhdRfY1m,1891727992348365101,https://pbs.twimg.com/media/GkDB0jSaAAES3j3.jpg,,in,Sweet home,15,186,20,https://x.com/__LOVE_AG4EVER/status/1891727992348365101,799023207294504960,__LOVE_AG4EVER,44.3976247,-122.736195,United States
1891717022544769196,Tue Feb 18 05:10:59 +0000 2025,3839,Sebuah catatan untuk yang tertarik #KaburAjaDulu ke Jepang menggunakan visa gijinkoku* (Engineer/Specialist in Humanities/International Services). *hanya bisa didapatkan oleh lulusan S1 atau experienced &gt;10 tahun di bidang kerja yang sama. https://t.co/TYYPJXItaS,1891717022544769196,https://pbs.twimg.com/media/GkC6mtDacAAaDRx.jpg,,in,"Tokyo-to, Japan",48,43,829,https://x.com/sisthaaaaa/status/1891717022544769196,61684120,sisthaaaaa,35.6768601,139.7638947,Êó•Êú¨
1891714838499323977,Tue Feb 18 05:02:18 +0000 2025,69,Tren #KaburAjaDulu menuai respons dari beberapa pejabat Kabinet Merah Putih. Teranyar Wamenaker Immanuel Ebenezer Gerungan mempersilakan WNI yang ingin pergi ke luar negeri untuk bekerja dan menyarankan untuk tidak usah kembali lagi ke Tanah Air. https://t.co/HcT2AgARvY,1891714838499323977,https://pbs.twimg.com/media/GkC4nfFaAAAkoqC.jpg,,in,Jakarta Capital Region,13,28,11,https://x.com/asumsico/status/1891714838499323977,829366551446818816,asumsico,-6.1754049,106.827168,Indonesia
1891670264091386016,Tue Feb 18 02:05:11 +0000 2025,62, Mau kabur kabur sajalah. Kalau perlu jangan balik lagi hi-hi-hi ujar Immanuel Ebenezer. | #KaburAjaDulu https://t.co/sX3rttdAD7,1891670264091386016,,,in,Jakarta,22,103,17,https://x.com/kompascom/status/1891670264091386016,23343960,kompascom,-6.1754049,106.827168,Indonesia
1891667194116776098,Tue Feb 18 01:52:59 +0000 2025,929,Perbincangan #KaburAjaDulu semenjak keluar Twitter jadi ga asik ,1891667194116776098,,,in,Somewhere,17,16,125,https://x.com/nmonarizqa/status/1891667194116776098,22586190,nmonarizqa,51.537514900000005,-0.2029210968628264,United Kingdom
1891653721848959287,Tue Feb 18 00:59:27 +0000 2025,219,Kalau ada oknum pejabat or pemerintah yg akal nya kurang waras solusi nya bukan #KaburAjaDulu Tapi kompak kulik dia dan sekeluarga nya kulik keuangan nya ada korupsi ga ada pelanggaran hukum ga ada kkn ga kalo ada viralin sampe masuk penjara ! Kabur bukan solusi LAWAN,1891653721848959287,,,in,"Bali, Indonesia",3,60,27,https://x.com/Cryptorealis/status/1891653721848959287,1132916343752159232,Cryptorealis,-8.2271303,115.1919203,Indonesia
1891626706643107876,Mon Feb 17 23:12:06 +0000 2025,297,INDONESIA GELAP Itu pandangan mahasiswa pandangan anak anak muda Indonesia. Mereka pesimis dengan keadaan sekarang dan masa depan. Pikiran pesimis itu tercermin dalam tagar #IndonesiaGelap dan tagar #KaburAjaDulu yang ramai dan trending di Medsos. Inilah ekspresi kekesalan anak https://t.co/peSa8oVv8o,1891626706643107876,https://pbs.twimg.com/amplify_video_thumb/1891626631980343296/img/4BeDVoBuq_tPpgqs.jpg,,in,"Kota Surabaya, Jawa Timur. ",3,42,124,https://x.com/henrysubiakto/status/1891626706643107876,201554665,henrysubiakto,-7.2459717,112.7378266,Indonesia
1891525837784064128,Mon Feb 17 16:31:17 +0000 2025,28,Menteri ATR/BPN Nusron Wahid mempertanyakan orang-orang yang memilih mengikuti fenomena #KaburAjaDulu ke luar negeri. Nusron menilai jika orang-orang memilih kabur maka masalah tidak akan selesai. &lt; #KaburAjaDulu #NusronWahid https://t.co/FvSu6DlZwM,1891525837784064128,,,in,Jakarta,11,86,6,https://x.com/kompascom/status/1891525837784064128,23343960,kompascom,-6.1754049,106.827168,Indonesia
1891505920225546477,Mon Feb 17 15:12:08 +0000 2025,103,Masa untuk mencari penghidupan yang lebih baik segala dipertanyakan nasionalismenya? #KaburAjaDulu https://t.co/SEGxyFo6xz,1891505920225546477,https://pbs.twimg.com/media/Gj_6mlaboAABI9u.jpg,,in,Indonesia,18,24,24,https://x.com/Box2boxID/status/1891505920225546477,939835083745255425,Box2boxID,-2.4833826,117.8902853,Indonesia
1891492434091073538,Mon Feb 17 14:18:33 +0000 2025,252,Gaes Ditantang nih WaMen ngegas! Soal #KaburAjaDulu Wamenaker: Kabur Sajalah kalau Perlu Jangan Balik Lagi https://t.co/yS0kXgLxVn,1891492434091073538,,,in,"Jakarta, Indonesia",4,92,103,https://x.com/alvinlie21/status/1891492434091073538,30648872,alvinlie21,-6.1754049,106.827168,Indonesia
1891489193399914790,Mon Feb 17 14:05:40 +0000 2025,42,Nusron Wahid: Tren #KaburAjaDulu Tanda Warganet Kurang Cinta Tanah Air https://t.co/a4VJ7Spbzm,1891489193399914790,,,in,"Kota Surabaya, Jawa Timur",25,93,7,https://x.com/e100ss/status/1891489193399914790,848614550,e100ss,-7.2459717,112.7378266,Indonesia
1891475351752065240,Mon Feb 17 13:10:40 +0000 2025,18,lah bodoamat gasss #kaburajadulu https://t.co/IljTl5lrqs,1891475351752065240,https://pbs.twimg.com/amplify_video_thumb/1891475272358404096/img/ai2pm3ZKZsaqSyNz.jpg,,in,(‚Ä¢Õ°ÀòÀõÀò ‚Ä¢Õ°)‚îå–ü‚îê,0,15,0,https://x.com/suk4bebek_v2/status/1891475351752065240,1656037556700721152,suk4bebek_v2,60.91295085,46.35746679710975,–†–æ—Å—Å–∏—è
1891472417760936079,Mon Feb 17 12:59:00 +0000 2025,5884,Sepertinya di timeline belum banyak yg share #KaburAjaDulu jalur academia. Berhubung kerjaanku di Jepang sebagai researcher aku mau share tips kerja di bidang academia di Jepang. Info ini berlaku untuk STEM dan non STEM tp untuk pengalaman pribadi terbatas di STEM. A,1891472417760936079,,,in,Japan,55,34,1257,https://x.com/petitestardust/status/1891472417760936079,223749265,petitestardust,36.5748441,139.2394179,Êó•Êú¨
1891464707929993692,Mon Feb 17 12:28:22 +0000 2025,560,Sebaiknya bijaklah dan jangan takabur. Soal #KaburAjaDulu Wamenaker: Kabur Sajalah kalau Perlu Jangan Balik Lagi https://t.co/yQGjNrMqNc,1891464707929993692,,,in,Jakarta Indonesia,28,239,105,https://x.com/prastow/status/1891464707929993692,88581196,prastow,-6.1754049,106.827168,Indonesia
1891454846147895508,Mon Feb 17 11:49:11 +0000 2025,20694,Akun media di Qatar yg reliable up konten tentang living cost di Qatar. Sebagai pendukung tagar #KaburAjaDulu juga diaspora Indonesia di Qatar yg udah tinggal disini 3 tahun aku kasih POV nya ya dan realita living cost di Doha Qatar. - Sebuah utas Silahkan dibaca untuk https://t.co/VBU4iA5Z8x,1891454846147895508,https://pbs.twimg.com/media/Gj_MJyvXYAAPnpP.jpg,,in,"Doha, Qatar",228,158,3364,https://x.com/ameriken0__/status/1891454846147895508,1071236000850993152,ameriken0__,25.2856329,51.5264162,ŸÇÿ∑ÿ±
1891451542034681936,Mon Feb 17 11:36:03 +0000 2025,123,Lihatlah mereka Nirempati. Sudah tidak peduli dengan susahnya cari kerja di negeri ini. Stop bayar pajak titik. #KaburAjaDulu #IndonesiaGelap https://t.co/uZy8HrThBs,1891451542034681936,https://pbs.twimg.com/media/Gj_JFumaUAA1KdF.jpg,,in,PLUIT,4,24,50,https://x.com/KangManto123/status/1891451542034681936,947632364003368961,KangManto123,-6.1097837,106.7856638067413,Indonesia
1891448951770927255,Mon Feb 17 11:25:46 +0000 2025,50,Bukti kalau pemerintah tidak peduli dengan rakyatnya. #KaburAjaDulu #IndonesiaGelap https://t.co/JACQpHn9Rl,1891448951770927255,https://pbs.twimg.com/media/Gj_Gy1NaoAAkFfj.jpg,,in,Anywhere,1,14,19,https://x.com/eleanorr234/status/1891448951770927255,185084341,eleanorr234,-14.1601396,33.8624178,Malawi
1891446729938977213,Mon Feb 17 11:16:56 +0000 2025,580,Soal #KaburAjaDulu Wamenaker: Kabur Sajalah kalau Perlu Jangan Balik Lagi Baca di https://t.co/tZhrwwQbot https://t.co/9pIcBBLbqM,1891446729938977213,https://pbs.twimg.com/media/Gj_ExaYa0AAoYfA.jpg,,in,Jakarta,287,642,177,https://x.com/kompascom/status/1891446729938977213,23343960,kompascom,-6.1754049,106.827168,Indonesia
1891444354381717636,Mon Feb 17 11:07:30 +0000 2025,120,Kenapa Jepang? ya karana J nya itu JAWA . ayo kita invasi kejepang untuk membalaskan dendam nenek moyang #KaburAjaDulu,1891444354381717636,,,in,"Klaten, Jawa Tengah",1,116,0,https://x.com/DndySaputra/status/1891444354381717636,3152945558,DndySaputra,-7.673238749999999,110.62847849276437,Indonesia
1891441090789560646,Mon Feb 17 10:54:31 +0000 2025,75,Miris banget punya pejabat yg digaji dari pajak rakyat tapi otak kosong ga punya solusi atas keadaan yg terjadi. Makhluk seperti dia ini yg bikin males bayar pajak. #KaburAjaDulu https://t.co/8ZRmI6iEgt,1891441090789560646,https://pbs.twimg.com/media/Gj-_peObwAA0_kz.jpg,,in,earth,4,29,27,https://x.com/_memoryusang/status/1891441090789560646,1340576950381760513,_memoryusang,34.2331373,-102.4107493,United States
1891431578901094503,Mon Feb 17 10:16:44 +0000 2025,55,Melihat perkembangannya Sekarang bukan cuma anak muda yang ikutan tren #KaburAjaDulu investor pun mulai berpikir serupa jika provokasi dan gangguan terus terjadi. Proyek PIK 2 yang seharusnya jadi pusat ekonomi baru justru terus diganggu oleh provokator seperti Said Didu Cs. https://t.co/afRRrONtaa,1891431578901094503,https://pbs.twimg.com/ext_tw_video_thumb/1891431419962109952/pu/img/YapOvodGrZXrxkzZ.jpg,,in,"Metro Barat, Indonesia",2,27,29,https://x.com/BadiC_Logic/status/1891431578901094503,2931186644,BadiC_Logic,-6.120863866366903,106.82350706236781,Indonesia
1891429885048168662,Mon Feb 17 10:10:00 +0000 2025,81,Soal #KaburAjaDulu Wamenaker: Kabur Sajalah Kalau Perlu Jangan Balik Lagi! https://t.co/BWfLv21AW5,1891429885048168662,,,in,Indonesia,12,118,39,https://x.com/democrazymedia/status/1891429885048168662,1243804423001763841,democrazymedia,-2.4833826,117.8902853,Indonesia
1891425612503433348,Mon Feb 17 09:53:01 +0000 2025,1621,Udah kita hempaskn yg julid #KaburAjaDulu fokus lagi okey Hidup kmu lebih pnting Ku jelaskan lg step singkatnya klo k Jerman 1 Pilih Program 2 Les Bahasa 3 Ujian Goethe 4 Lamar prusahaan -&gt; dapet kontrak 5 Ajuin Visa 6 Selesai Kesulitan di tiap step pasti ada yg pnting usahaÔ∏è,1891425612503433348,,,in,Bekasi,8,22,285,https://x.com/Imas_uni/status/1891425612503433348,161161776,Imas_uni,-6.2349858,106.9945444,Indonesia
1891407959202120148,Mon Feb 17 08:42:52 +0000 2025,129,Males bahas #KaburAjaDulu yang sok2an mau pindah juga rata2 sampah pindah sono biar ngurangin sampah disini hahaha,1891407959202120148,,,in,Dubai,4,57,13,https://x.com/kyojindee/status/1891407959202120148,823715292702384129,kyojindee,25.074282349999997,55.18853865430702,ÿßŸÑÿ•ŸÖÿßÿ±ÿßÿ™ ÿßŸÑÿπÿ±ÿ®Ÿäÿ© ÿßŸÑŸÖÿ™ÿ≠ÿØÿ©
1891404280361349548,Mon Feb 17 08:28:15 +0000 2025,40950,Bosen di INDONESIA? Mau kabur? berikut TUTORIAL KABUR KE JEPANG ikut meramaikan #KaburAjaDulu #IndonesiaGelap https://t.co/ua2biACd6V,1891404280361349548,https://pbs.twimg.com/media/Gj-eKlhbkAAHZbO.jpg,,in,"Klaten, Jawa Tengah",361,471,5897,https://x.com/DndySaputra/status/1891404280361349548,3152945558,DndySaputra,-7.673238749999999,110.62847849276437,Indonesia
1891387150345613795,Mon Feb 17 07:20:11 +0000 2025,284,Buat Warga Bekasi yang punya kesempatan #KaburAjaDulu kabur dah buruan gua juga mau kabur enih wkw,1891387150345613795,,,in,"Bekasi, Jawa Barat",5,39,29,https://x.com/txtdrbekasi/status/1891387150345613795,1251309931493355522,txtdrbekasi,-6.2349858,106.9945444,Indonesia
1891029974758686787,Sun Feb 16 07:40:54 +0000 2025,668,Kekecewaan Itu Berujung #KaburAjaDulu Sebagian masyarakat ingin pindah ke luar negeri saking putus asanya untuk bertahan dengan situasi ekonomi politik dan hukum di Indonesia. Tapi benarkah kabur adalah solusi? Atau justru bertahan dan melawan lebih berani? Jadi baiknya https://t.co/ewcsrp1YHo,1891029974758686787,https://pbs.twimg.com/media/Gj5JvCnawAEum_5.jpg,,in,"Bali, Indonesia",14,153,133,https://x.com/TOM5helby/status/1891029974758686787,1426438140202348546,TOM5helby,-8.2271303,115.1919203,Indonesia
1891014803117768882,Sun Feb 16 06:40:37 +0000 2025,2487,HASTAG #kaburajadulu BIAR PEJABAT¬≤ ELIT DI SINI PADA MIKIR WARGANYA PADA KABUR CARI KERJA DI LUAR NEGERI Lebih baik hujan emas di negeri orang daripada hujan batu di negeri sendiri https://t.co/vVDpAWdQvn,1891014803117768882,https://pbs.twimg.com/ext_tw_video_thumb/1891014342633836544/pu/img/DUdjUhXpppbtE7Py.jpg,,in,"Indiana, USA",25,67,911,https://x.com/blackshark7890/status/1891014803117768882,1735243382023393280,blackshark7890,40.3270127,-86.1746933,United States
1890999583599169646,Sun Feb 16 05:40:08 +0000 2025,141,Ada yang bisa kasih list alasan #KaburAjaDulu karena apa saja? Gue mau bikin konten tentang itu. Alasan yang udah gue riset: 1. Gaji kecil 2. Biaya hidup di indo naik terus 3. Gaji ga naik-naik 4. Kebijakan-kebijakan pemerintah 5. Cari kerja susah Apa lagi?,1890999583599169646,,,in,"Blue Earth, MN",2,51,10,https://x.com/mudacumasekali/status/1890999583599169646,951763610233053185,mudacumasekali,44.0109722,-94.0560643,United States
1890973068299821467,Sun Feb 16 03:54:46 +0000 2025,655,Jika janji dulu membuka 10jt lapangan kerja terealisasi ditambah janji sekarang membuka 19jt lapangan kerja ditepati lalu semua proses recruitment nya fair dan ga pake syarat aneh2 kayak di LN saya rasa trend #KaburAjaDulu ga akan seramai ini.,1890973068299821467,,,in,Indonesia,2,28,159,https://x.com/Hilmi28/status/1890973068299821467,65067181,Hilmi28,-2.4833826,117.8902853,Indonesia
1890901070299193676,Sat Feb 15 23:08:41 +0000 2025,85,Parah sih ini #kaburajadulu #KaburDuluAja https://t.co/XoPNdCVLIh,1890901070299193676,https://pbs.twimg.com/ext_tw_video_thumb/1890712325663195136/pu/img/Ahqyx79vNklcXC-M.jpg,,in,"Sukabumi, Indonesia",4,25,21,https://x.com/putr1432/status/1890901070299193676,1691307345807282176,putr1432,-6.9199289,106.9265095,Indonesia
1890839795875614776,Sat Feb 15 19:05:12 +0000 2025,365,Paten Luhut Binsar Panjaitan yg first class di smash sama Para Pahlawan Devisa Indonesia yg engga butuh Class pada Kewarganegaraan. #KaburAjaDulu @__LOVE_AG4EVER @bangpoerslalu @Adiprayitno_20 @Aryprasetyo85 @berlianidris @Dennysiregar7 https://t.co/8hcWVi5UnB,1890839795875614776,https://pbs.twimg.com/ext_tw_video_thumb/1890839754067038208/pu/img/QvCAQJJhWj3dZEp6.jpg,,in,KPK,10,60,151,https://x.com/bumnbersatu/status/1890839795875614776,191951600,bumnbersatu,-37.69584185,145.01169572477392,Australia
1890801247722021003,Sat Feb 15 16:32:01 +0000 2025,733,Ketika Presiden sesat pikir... ______ Pak SBY Prabowo Coklat Merino Wasit Jepang Artist of the year Malming Hidup Jokowi #THEMOMENTUMinJAKARTA_D1 #KaburAjaDulu https://t.co/Vc2A23J8XT,1890801247722021003,https://pbs.twimg.com/ext_tw_video_thumb/1890801200100163584/pu/img/yC5Bi4bz-ZtK74ap.jpg,,in,Negara Indonesia,13,42,292,https://x.com/bangpoerslalu/status/1890801247722021003,1415835367,bangpoerslalu,-8.3585536,114.6218756,Indonesia
1890752284205666672,Sat Feb 15 13:17:27 +0000 2025,889,Hukum #KaburAjaDulu ke negeri non muslim ? https://t.co/O7XYk48DL7,1890752284205666672,https://pbs.twimg.com/ext_tw_video_thumb/1890751926427648000/pu/img/JDDISmxDay9Wprb8.jpg,,in,Indonesia,1735,886,218,https://x.com/fotodakwah/status/1890752284205666672,105428309,fotodakwah,-2.4833826,117.8902853,Indonesia
1890707197086110141,Sat Feb 15 10:18:18 +0000 2025,745,#KaburAjaDulu Ternyata pindah ke luar negeri engga seburuk yang dipikirkan A threads&gt;&gt; https://t.co/KRkxWuKE43,1890707197086110141,https://pbs.twimg.com/amplify_video_thumb/1890706903631802368/img/BefQF69VolSkg5de.jpg,,in,"DKI Jakarta, Indonesia",1,211,124,https://x.com/dailyanakkost/status/1890707197086110141,2515437157,dailyanakkost,-6.1754049,106.827168,Indonesia
1890707068924965049,Sat Feb 15 10:17:47 +0000 2025,672,Cek akun dgn hastag #KaburAjaDulu ini ternyata diramaikan oleh akun orang orang Islam. Anehnya sebagian besar mereka yang bilang (kabur aja dulu) lebih milih negara kafir. Gak ada yang minat kabur ke Bangladesh Somalia negara penghasil hafalan al Quran &amp; negara Islam lainnya.,1890707068924965049,,,in,Indonesia,41,144,112,https://x.com/ProfOnline_id/status/1890707068924965049,1965092424,ProfOnline_id,-2.4833826,117.8902853,Indonesia
1890706872757338460,Sat Feb 15 10:17:00 +0000 2025,440,Pengen banget #KaburAjaDulu tapi Usia udah 30+.. HIV+ pula ,1890706872757338460,,,in,022,2,53,8,https://x.com/Kang_February/status/1890706872757338460,1121086413255012355,Kang_February,60.4404921,22.2852788,Suomi / Finland
1890687859952087174,Sat Feb 15 09:01:27 +0000 2025,993,Semoga ga lama lagi tercapai untuk semua yg pengen #KaburAjaDulu. Ga usah denger diaspora negatif terutama yg ga ada kontribusi dalam hidupmu. Kita semua berhak untuk yg lebih baik. Selalu ingat ini: This year prioritise people who make you feel like sunshine. ,1890687859952087174,,,in,"Troms√∏, Norway",12,28,322,https://x.com/rykarlsen/status/1890687859952087174,165094284,rykarlsen,69.6516345,18.9558585,Norge
1890685294606741981,Sat Feb 15 08:51:16 +0000 2025,140,TERNAK MULYONO Sedang Memperingati HUT Ke 17 Lalu Gimana Dong ! Ada Yg Tau Gak Sih Cara Memisahkan Mereka ? Guwethiiing Aku Mereka Semakin Lengket Aja .... Mending #KaburAjaDulu Ke Negara Lain Dari Pada Stroke Berat https://t.co/LpCv7ezUxN,1890685294606741981,https://pbs.twimg.com/ext_tw_video_thumb/1890685158690586625/pu/img/nKvfmACHCpX8gIXu.jpg,,in,"DKI Jakarta, Indonesia",3,24,36,https://x.com/RomeoWalker19/status/1890685294606741981,1520394867750301696,RomeoWalker19,-6.1754049,106.827168,Indonesia
1890675803362677125,Sat Feb 15 08:13:33 +0000 2025,633,Ramainya tagar #KaburAjaDulu merupakan bentuk kegelisahan anak bangsa yg merasa negeri ini sedang tidak baik2 saja. Kita harus hargai pilihan mereka walau bagi saya...berjuang di negeri sendiri (dgn selalu kritis terhadap setiap kebijakan yg tidak pro rakyat) adalah pilihan,1890675803362677125,,,in,Indonesia,0,31,161,https://x.com/Hilmi28/status/1890675803362677125,65067181,Hilmi28,-2.4833826,117.8902853,Indonesia
1890500987552510248,Fri Feb 14 20:38:53 +0000 2025,24,jangan tanya nasionalis ku bung #KaburAjaDulu bukan gertakan... ini gugatan untuk kelen yang menyengsarakan insan-insan cendekiawan... kibarkan panji-panji perjuangan naikan #benderahitam bendera perubahan... #IndonesiaGelap kawan https://t.co/6e8Di2NUTx,1890500987552510248,https://pbs.twimg.com/amplify_video_thumb/1889826082972639232/img/sBnmMwlt1v1SBmh3.jpg,,in,(‚Ä¢Õ°ÀòÀõÀò ‚Ä¢Õ°)‚îå–ü‚îê,0,18,3,https://x.com/suk4bebek_v2/status/1890500987552510248,1656037556700721152,suk4bebek_v2,60.91295085,46.35746679710975,–†–æ—Å—Å–∏—è
1890437774639051217,Fri Feb 14 16:27:42 +0000 2025,358,Apakah ada yang mau baca kalo gw tulis blog tentang #KaburAjaDulu dari sudut pandang dan menurut pengalaman gw sebagai imigran cinta yang sejak September 1995 tinggal di Belanda?,1890437774639051217,,,in,Nederland,4,50,45,https://x.com/yoyen/status/1890437774639051217,19961629,yoyen,52.2434979,5.6343227,Nederland
1890395218119127197,Fri Feb 14 13:38:36 +0000 2025,32,Andai aku bisa ikutan #KaburAjaDulu milih ke mana y? Ke hatimu ajah. ,1890395218119127197,,,in,Indonesia,0,11,1,https://x.com/RaniKancana/status/1890395218119127197,1303615921550835712,RaniKancana,-2.4833826,117.8902853,Indonesia
1890394403241377978,Fri Feb 14 13:35:22 +0000 2025,28508,Buat yang niat #KaburAjaDulu saya cuma mau bilang: Kalau niat itu betul kalian mau tunaikan camkan 1 hal aja: Baik-baik di negeri orang Sadar diri: kalian disana itu orang tumpangan tamu. Mau berapa tahun kalian hidup disana kalian selamanya akan jadi orang asing nonpri.,1890394403241377978,,,in,Bumi Manusia,352,266,4237,https://x.com/zakyarin97/status/1890394403241377978,1536157859355824128,zakyarin97,-5.6432872,122.63404201716783,Indonesia
1890394042715734416,Fri Feb 14 13:33:56 +0000 2025,16865,Dari semuanya yg belittling #Kaburajadulu yang paling kocak adalah yg diaspora lah situ aja kabur juga trus napa malah merendahkan orang yang pengen kabur? Ditegur balik netizen lah napa situ ga balik ajaC malah dijawab udah berkeluarga dll Wkwkwkwk sumpah ngakak.,1890394042715734416,,,in,Jakarta,202,203,2789,https://x.com/jsamodra/status/1890394042715734416,1727958996567347200,jsamodra,-6.1754049,106.827168,Indonesia
1890370205043331208,Fri Feb 14 11:59:12 +0000 2025,111,#KaburAjaDulu yang enak kemana lek? Yang ga banyak ormas sama ibadahnya ga susah ,1890370205043331208,,,in,Yerusalem,8,24,14,https://x.com/kresbung/status/1890370205043331208,1055863085276180480,kresbung,31.7788242,35.2257626,◊ô◊©◊®◊ê◊ú
1890323474377318531,Fri Feb 14 08:53:31 +0000 2025,2389,Yang mau #KaburAjaDulu jalur jadi pendukung OPM bisa daftar di sini,1890323474377318531,,,in,"Indonesia, Australia",276,337,372,https://x.com/VeronicaKoman/status/1890323474377318531,816307300616941569,VeronicaKoman,-6.1835875,106.70352862087367,Indonesia
1890273575262953916,Fri Feb 14 05:35:14 +0000 2025,2030,POV: Kamu #KaburAjaDulu ke Kolombia https://t.co/QlQUxpeuTt,1890273575262953916,https://pbs.twimg.com/ext_tw_video_thumb/1890273422762295296/pu/img/dQ739C0IvVp48DKe.jpg,,in,Indonesia,68,167,444,https://x.com/PolJokesID/status/1890273575262953916,808244774469677057,PolJokesID,-2.4833826,117.8902853,Indonesia
1890272567866585266,Fri Feb 14 05:31:14 +0000 2025,488,Pak Anies nggak #KaburAjaDulu ? Please pak biar damai negara ini. Bawa anak-anaknya yang rese itu.,1890272567866585266,,,in,"Bali, Indonesia",21,220,83,https://x.com/blisonny/status/1890272567866585266,1760157328291270657,blisonny,-8.2271303,115.1919203,Indonesia
1890261992503668820,Fri Feb 14 04:49:13 +0000 2025,75,#KaburAjaDulu bukan soal tak cinta tanah sendiri tapi apa yang harus dicintai kalau yang tersisa cuma sesak dan amarah? https://t.co/0MHYCMCVwN,1890261992503668820,https://pbs.twimg.com/ext_tw_video_thumb/1890261974824763392/pu/img/w4gg4TzTxs1azXTK.jpg,,in,Tibet,0,30,3,https://x.com/diaryesterday/status/1890261992503668820,1585664881310961665,diaryesterday,31.669202499999997,87.47322500528882,‰∏≠ÂõΩ
1890053600581497000,Thu Feb 13 15:01:08 +0000 2025,187,Yang mau #KaburAjaDulu bisa ke Bekasi guys disini lowongan kerja banyak ,1890053600581497000,,,in,"Bekasi, Jawa Barat",9,41,14,https://x.com/txtdrbekasi/status/1890053600581497000,1251309931493355522,txtdrbekasi,-6.2349858,106.9945444,Indonesia
1890046933013823965,Thu Feb 13 14:34:38 +0000 2025,484,Harun Masiku apakah orang yg termasuk sukses buat #KaburAjaDulu ? Soalnya sukses banget keliatannya,1890046933013823965,,,in,Indonesia üáÆüá©/üáØüáµ,3,31,112,https://x.com/ezash/status/1890046933013823965,105080250,ezash,-2.4833826,117.8902853,Indonesia
1890018993458881003,Thu Feb 13 12:43:37 +0000 2025,22413,Aku pas liat orang orang pada ke luar negri buat ikutan #KaburAjaDulu https://t.co/mjinw5wrWl,1890018993458881003,https://pbs.twimg.com/media/GjqyQgrbQAArQM7.jpg,,in,Angola,204,93,6742,https://x.com/Taibandeng_/status/1890018993458881003,1531114444821934080,Taibandeng_,-11.8775768,17.5691241,Angola
1890006827573944688,Thu Feb 13 11:55:16 +0000 2025,33324,Jangan takut kalo gerakan #KaburAjaDulu diomongin diomelin atau diancem sama orang2 buat masa depan kamu yg lebih baik Lah itu Pak Prabowo juga sempet kabur aja dulu kok pasca 1998 ada contohnya kan yg bisa dijadikan teladan ,1890006827573944688,,,in,Indonesia üáÆüá©/üáØüáµ,308,320,8948,https://x.com/ezash/status/1890006827573944688,105080250,ezash,-2.4833826,117.8902853,Indonesia
1889992526867955964,Thu Feb 13 10:58:27 +0000 2025,1154,kalo pindah negara kalian pengen pindah kemana? #KaburAjaDulu ig/jakartakeras https://t.co/UURNCk8K6G,1889992526867955964,https://pbs.twimg.com/media/GjqaB9KbQAAKa8N.jpg,,in,"Miramar, FL",14,256,130,https://x.com/iwnnabeURBF/status/1889992526867955964,1058858393975193601,iwnnabeURBF,25.9873137,-80.2322706,United States
1889985056594362860,Thu Feb 13 10:28:46 +0000 2025,29772,#KaburAjaDulu ? Udah kabur wleee sejak 2018 aku lulus SMA ngelamar kerja ke PT astra denso omron gak ada yg nerima. Mau kuliah gak ada duit. Yaudah aku kerja ke Malaysia ketrima di pt epson KL. 4 tahun sudah. 2023 aku pulang bukan buat kerja di indo dong hehe https://t.co/qdFjQrYAtU,1889985056594362860,https://pbs.twimg.com/media/GjqTYvIbwAAE0Eg.jpg,,in,Indonesia,359,438,2127,https://x.com/zizahiro/status/1889985056594362860,2526760852,zizahiro,-2.4833826,117.8902853,Indonesia
1889973770984870142,Thu Feb 13 09:43:55 +0000 2025,236, Saya malah meragukan Jiwa Nasionalisme kalian Ucap seorang mentri yang ngibarin bendera merah putih setahun sekali itupun pakai tiang bambu sisa proyek #mentribahlil #KaburAjaDulu https://t.co/9Wd4zqmMnj,1889973770984870142,https://pbs.twimg.com/media/GjqJH1OaMAAJzBu.jpg,,in,Indonesia,0,164,9,https://x.com/index_msu/status/1889973770984870142,1444541782654533633,index_msu,-2.4833826,117.8902853,Indonesia
1889958048351068160,Thu Feb 13 08:41:27 +0000 2025,2120,Sepenglihatanku yang kebelet #KaburAjaDulu justru kebanyakan dari kelas menengah deh? Mereka yang takut kehidupannya terancam karena posisinya riskan. Kira-kira privilege &amp; akses macam apa yang mereka punya untuk bisa bantu memperbaiki negara? Nanya beneran ya ini.,1889958048351068160,,,in,"Tokyo-to, Japan",21,15,391,https://x.com/sisthaaaaa/status/1889958048351068160,61684120,sisthaaaaa,35.6768601,139.7638947,Êó•Êú¨
1889953129963331891,Thu Feb 13 08:21:54 +0000 2025,389,Calling for Indonesian Full Stack Engineer! Kuy #KaburAjaDulu dari kerja kantoran! Client gue lagi cari Full Stack Engineer 3+ years experience with Node.js React.js or C#. DM Langsung ya! Ditunggu butuh 6 headcount!,1889953129963331891,,,in,Sapporo City Higashi Ward,3,21,103,https://x.com/Saefullloh/status/1889953129963331891,149007500,Saefullloh,43.0759028,141.3636658,Êó•Êú¨
1889951106639470632,Thu Feb 13 08:13:52 +0000 2025,121,Kalian para founder hashtag #KaburAjaDulu sempet gak sih liat2 betapa lagi viralnya itu dibahas di sosmed2 lain DAN gimana komen2nya ,1889951106639470632,,,in,"Tokyo-to, Japan",2,14,8,https://x.com/adith_wp/status/1889951106639470632,246398684,adith_wp,35.6768601,139.7638947,Êó•Êú¨
1889854827280453858,Thu Feb 13 01:51:17 +0000 2025,48,maaf pak saya cm rkyt kecil butuh makan d sini gaji besar pengeluaran besar tp kesejahteraan rakyatnya terjamin pak pelayanan kesehatan ny mantap pak transum nya terjangkau pak yg paling penting pak pulici nya ga pandang bulu untuk pelayanan sigap #KaburAjaDulu https://t.co/s01Gg5FoyI,1889854827280453858,https://pbs.twimg.com/amplify_video_thumb/1889854747475320836/img/TOgK-IhZwCtzc3-Q.jpg,,in,"Kaohsiung City, Taiwan",1,19,6,https://x.com/nunbitchi/status/1889854827280453858,903897426804711424,nunbitchi,22.630583,120.3438175204031,Ëá∫ÁÅ£
1889845915567136877,Thu Feb 13 01:15:52 +0000 2025,8039,Jgn mau digaslight bahlil soal #KaburAjaDulu. Bekerja di LN adalah bentuk nasionalisme menyumbang devisa sangat besar bagi negara. Untuk apa di sini bertahan dlm penderitaan sementara pejabat bergelimang kemewahan. Berangkatlah berkarirlah di luar harumkan nama Indonesia. https://t.co/1c6ouTrQF3,1889845915567136877,https://pbs.twimg.com/media/GjoS8dDaIAMx81B.jpg,,in,Indonesia,117,156,2640,https://x.com/berlianidris/status/1889845915567136877,230696471,berlianidris,-2.4833826,117.8902853,Indonesia
1889835889574158449,Thu Feb 13 00:36:02 +0000 2025,806,#KaburAjaDulu lagi rame gw sengaja respon nya agak telatan. Bro / sis .. Mau dibelahan bumi manapun kamu kalo ga punya skill ga punya etos kerja baik malas upgrade diri &amp; gede gengsi SAMA AJA !,1889835889574158449,,,in,"Bali, Indonesia",18,58,105,https://x.com/Cryptorealis/status/1889835889574158449,1132916343752159232,Cryptorealis,-8.2271303,115.1919203,Indonesia
1889631445691285590,Wed Feb 12 11:03:38 +0000 2025,280,Setelah menolak offer dari Dubai karena expecting a daughter soon gue baru dapet offer resmi untuk full-time position di Indo. Gajadi #KaburAjaDulu karena family consideration guys ;) wish me luck!,1889631445691285590,,,in,Indonesia,0,29,10,https://x.com/rahadianrizkiii/status/1889631445691285590,1013343152810311680,rahadianrizkiii,-2.4833826,117.8902853,Indonesia
1889596980176760950,Wed Feb 12 08:46:41 +0000 2025,85,gen ask kalo kalian dikasih pilihan nih gaji 100jt tapi tinggal di Indo atau gaji 100jt tapi tinggal di luar atau #KaburAjaDulu? berikan alasannya juga yak hehe,1889596980176760950,,,in,"DKI Jakarta, Indonesia",11,35,5,https://x.com/maulanafikri455/status/1889596980176760950,2704151514,maulanafikri455,-6.1754049,106.827168,Indonesia
1889570774199181785,Wed Feb 12 07:02:33 +0000 2025,2773,Memahami #KaburAjaDulu itu soal mencari kehidupan yg lebih baik karena di negara ini apa apa sulit kepastian hukum gak jelas pemerintah ga becus ekonomi buruk diperes pajak gede gak dapet apa apa. Jadi gausah bacot kalau yang pergi ke luar gak nasionalisme lah negaranya aja,1889570774199181785,,,in,Indonesia,36,30,825,https://x.com/barengwarga/status/1889570774199181785,1850558971779956736,barengwarga,-2.4833826,117.8902853,Indonesia
1889556086019051921,Wed Feb 12 06:04:11 +0000 2025,2507,Di kala perbincangan #kaburajadulu ini satu hal yg menarik adalah aku kenal banyak temen yang pengen #pulangajadeh karena alasan keluarga: keluarga sakit orangtua menua dan paling common adalah... child care,1889556086019051921,,,in,Somewhere,106,44,281,https://x.com/nmonarizqa/status/1889556086019051921,22586190,nmonarizqa,51.537514900000005,-0.2029210968628264,United Kingdom
1889531496337383440,Wed Feb 12 04:26:29 +0000 2025,14142,+1 alasan buat #KaburAjaDulu: Walau gajimu medioker kayak sindiran orang2 di sini kirain yang ngejar kaburajadulu itu ngejar gaji ratusan juta coba kerja dan tinggal di negara yang pemerintahnya beneran kerja dan rasakan kualitas hidup yang lebih baik. Ga akan nyesal.,1889531496337383440,,,in,"Busan, Republic of Korea",215,135,2857,https://x.com/primawansatrio/status/1889531496337383440,104823513,primawansatrio,35.1799528,129.0752365,ÎåÄÌïúÎØºÍµ≠
1889497350089138648,Wed Feb 12 02:10:48 +0000 2025,9435,Guys kalian yg punya socmed lain pada sadar ga belakangan ini tagar #KaburAjaDulu makin sering lewat di reels dan tiktok? Trus nemu pejabat yg bilang kalo kabur ke LN artinya ga nasionalis Apakah tren ini udah makin rame dan makin bikin gerah para pejabat? ,1889497350089138648,,,in,Japan,333,244,1385,https://x.com/petitestardust/status/1889497350089138648,223749265,petitestardust,36.5748441,139.2394179,Êó•Êú¨
1889489723640648087,Wed Feb 12 01:40:29 +0000 2025,424,Maakk aku masuk berita BBC indonesia 2019 mencium bau-bau mulyono mau petakilan langsung cusss #KaburAjaDulu https://t.co/OoVP0RfTnn,1889489723640648087,https://pbs.twimg.com/media/GjjQ36AbsAI67al.jpg,,in,+82,3,20,41,https://x.com/josephpradipta/status/1889489723640648087,75063658,josephpradipta,44.080656000000005,1.2050632958700225,France
1889397252852162711,Tue Feb 11 19:33:03 +0000 2025,2328,Betul #KaburAjaDulu bukan karena hanya gaji yang kelihatan shining simmering splendid tapi karena emang muak aja sama pemerintah. Dulu katanya kalo mau negubah dari dalam masuklah ke comberan dan got2 itu sekarang mendingan mengubah dari luar negeri mengikuti para diaspora,1889397252852162711,,,in,Indonesia,18,32,729,https://x.com/hrdbacot/status/1889397252852162711,501800437,hrdbacot,-2.4833826,117.8902853,Indonesia
1889317950169231637,Tue Feb 11 14:17:55 +0000 2025,84,I know #KaburAjaDulu itu tempting pake banget. Tapi apa gak takut kalo tiba-tiba dapet telpon jam 3 pagi dapet kabar Ibu meninggal? ,1889317950169231637,,,in,Jakarta Capital Region,25,23,16,https://x.com/BanyuSadewa/status/1889317950169231637,55108943,BanyuSadewa,-6.1754049,106.827168,Indonesia
1889238712204029975,Tue Feb 11 09:03:04 +0000 2025,529,Apakah kamu profesional di bidang Data &amp; ingin kerja di Eropa? Di Thursday #KaburAjaDulu minggu ini admin akan post curated list of jobs di bidang Data. Ini bukan lowongan abal2. Ini hasil riset admin &amp; hanya company yg sponsor visa + support relocation + provide career,1889238712204029975,,,in,Europe,4,24,90,https://x.com/IndoWorkAbroad/status/1889238712204029975,1252241356883406848,IndoWorkAbroad,51.0,10.0,Deutschland
1889224547762889068,Tue Feb 11 08:06:46 +0000 2025,2608,[BREAKING NEWS‚ÄºÔ∏è] Squidward diangkat sebagai Staf Khusus (Stafsus) Menteri Pertahanan Selasa (11/2/2025). Squidward dilantik setelah pembelaannya terhadap Program Makan Krabby Patty Gratis beberapa waktu lalu. #KaburAjaDulu https://t.co/NQJTRgbiFH,1889224547762889068,https://pbs.twimg.com/media/GjfftB4acAAH3o0.jpg,,in,"Niigata-ken, Japan",8,34,712,https://x.com/el_avraham/status/1889224547762889068,77971073,el_avraham,37.6452283,138.7669125,Êó•Êú¨
1888847278158610835,Mon Feb 10 07:07:38 +0000 2025,198,#KaburAjaDulu versi web3 2 hari dari Singapore 3 hari di Johor Bahru 2 hari di Batam Alias semerdeka lo mau kerja dari mana aja! https://t.co/LBM5O690Xl,1888847278158610835,https://pbs.twimg.com/media/GjaIkbNagAEYFKS.jpg,,in,Web3,1,19,9,https://x.com/wordgenic/status/1888847278158610835,76799026,wordgenic,43.3184295,76.9157454,“ö–∞–∑–∞“õ—Å—Ç–∞–Ω
1888767929690566930,Mon Feb 10 01:52:20 +0000 2025,3952,Kerjaan paling cocok untuk #KaburAjaDulu adalah di industri crypto/web3. Hampir semua perusahaan web3 menerapkan kerja remote. Etos kerja internasional. Standar gajinya di atas rata2 (standar global). Pertanyaannya apakah kamu siap dengan tantangannya? Etos kerja global,1888767929690566930,,,in,Jakarta,36,77,460,https://x.com/WilliamSutant0/status/1888767929690566930,1570273856765710336,WilliamSutant0,-6.1754049,106.827168,Indonesia
1888551627251974380,Sun Feb 09 11:32:50 +0000 2025,1317,#KaburAjaDulu pindah ke US #KaburAjaDulu kerja remote ke US dari Indo #KaburAjaDulu bikin startup US supaya bisa buka lapangan kerja bagi remote engineers Indo Pic unrelated https://t.co/HNJ5T1JNrO,1888551627251974380,https://pbs.twimg.com/media/GjV7QaxXcAAE7Hn.jpg,,in,Jakarta Capital Region,3,25,106,https://x.com/ibamarief/status/1888551627251974380,143422219,ibamarief,-6.1754049,106.827168,Indonesia
1888547301691703788,Sun Feb 09 11:15:38 +0000 2025,39,Tebak hastag pemerintah kalo mau nge-counter #KaburAjaDulu,1888547301691703788,,,in,Indonesia,0,22,0,https://x.com/thonisho/status/1888547301691703788,1526640801270231040,thonisho,-2.4833826,117.8902853,Indonesia
1888530093527441694,Sun Feb 09 10:07:16 +0000 2025,9714,Halo! Aku Angelina mau share soal #KaburAjaDulu di Belanda dengan role Digital Marketing (khususnya SEA Specialist). Tapi masih newbie karena baru di sini setahunan jadi apa yang aku share pastinya subjektif ya. Please take it with a grain of salt :),1888530093527441694,,,in,The Netherlands,74,35,1276,https://x.com/angelinaarini/status/1888530093527441694,322401508,angelinaarini,52.24764975,5.541246849406163,Nederland
1888517235339096519,Sun Feb 09 09:16:10 +0000 2025,5969,Menarik banget nih. Kamu ada di level berapa di piramid ini? Agar sukses setelah #KaburAjaDulu minimal harus level 3. Apalagi kalau udh 4-5 kamu bakal cepat di promote. Admin pernah post bahwa salah satu penyebab kandidat indonesia gagal interview adalah kurangnya bukti https://t.co/HxV0KwjfK6,1888517235339096519,https://pbs.twimg.com/media/GjVcarTW4AAeUA3.jpg,,in,Europe,80,29,1355,https://x.com/IndoWorkAbroad/status/1888517235339096519,1252241356883406848,IndoWorkAbroad,51.0,10.0,Deutschland
1888499071469707303,Sun Feb 09 08:03:59 +0000 2025,126,segini cuma 870 Ribu atau 8210 Yen #KaburAjaDulu https://t.co/KjKdBe6hOR,1888499071469707303,https://pbs.twimg.com/media/GjVL5NlaUAARCCl.jpg,,in,somewhere,5,38,21,https://x.com/aewin86/status/1888499071469707303,119691957,aewin86,51.537514900000005,-0.2029210968628264,United Kingdom
1888495987406364720,Sun Feb 09 07:51:44 +0000 2025,15471,Halo kenalan ulang. Aku bisa dipanggil Prima sudah bekerja dengan klien üáØüáµ dari 2019 hingga sekarang sebagai headhunter. Aku mau coba share pengalaman untuk bantu kandidat dari üáÆüá© diterima ke klien dan akhirnya bisa #KaburAjaDulu . Ikuti utas ini kalau kamu: 1. Mau pindah ke,1888495987406364720,,,in,"Busan, Republic of Korea",169,131,2764,https://x.com/primawansatrio/status/1888495987406364720,104823513,primawansatrio,35.1799528,129.0752365,ÎåÄÌïúÎØºÍµ≠
1888474554013798476,Sun Feb 09 06:26:34 +0000 2025,7550,Tagar #KaburAjaDulu ini awal mulanya oleh siapa sih? Kenapa viral? Dan siapa top-top influencer yang meramaikannya? https://t.co/zG18JyPR6t https://t.co/0QxE1KIGXi,1888474554013798476,https://pbs.twimg.com/media/GjU1XefaYAA-gWZ.jpg,,in,"Jakarta Selatan, DKI Jakarta",137,74,1279,https://x.com/ismailfahmi/status/1888474554013798476,34075325,ismailfahmi,-6.28381815,106.80486325728526,Indonesia
1888208148483502268,Sat Feb 08 12:47:58 +0000 2025,1314,Yup gak mesti di tech role untuk #KaburAjaDulu. Marketing terutama Digital Marketing CRM atau Growth punya banyak lowongan di luar negri. Terutama jika kamu punya skill unik dan bisa analisis.,1888208148483502268,,,in,Europe,22,28,152,https://x.com/IndoWorkAbroad/status/1888208148483502268,1252241356883406848,IndoWorkAbroad,51.0,10.0,Deutschland
1888062526090604854,Sat Feb 08 03:09:19 +0000 2025,67,Yang mau #KaburAjaDulu biar lebih seru declare sebagai TAPOL atau Pengungsi/Pencari Suaka Politik.,1888062526090604854,,,in,somewhere,1,24,13,https://x.com/aewin86/status/1888062526090604854,119691957,aewin86,51.537514900000005,-0.2029210968628264,United Kingdom
1887817185080541517,Fri Feb 07 10:54:25 +0000 2025,7883,Buat yang pada prepare #KaburAjaDulu aku nemu infografis menarik nih. Ngomongin soal jam kerja dan kompensasinya dari yang paling oke sampe yang paling memprihatinkan. Yuk bahas tipis-tipis. Yang udah pada bekerja di negara bersangkutan boleh bantu tambahin yaa.. - a thread https://t.co/LIsBZ0x7Ie,1887817185080541517,https://pbs.twimg.com/media/GjLYqY5bUAAaKr4.jpg,,in,Indonesia,100,119,1792,https://x.com/pandurijal/status/1887817185080541517,344082707,pandurijal,-2.4833826,117.8902853,Indonesia
1887656922045948360,Fri Feb 07 00:17:35 +0000 2025,306,Permasalahan #KaburAjaDulu https://t.co/hNzAv1VyN7,1887656922045948360,https://pbs.twimg.com/amplify_video_thumb/1887656848603631616/img/Ub5tFxvSKdG33mPM.jpg,,in,"Borobudur, Indonesia",11,18,65,https://x.com/lynxluna/status/1887656922045948360,69194832,lynxluna,-7.6079583,110.20382445260663,Indonesia
1887512522351321341,Thu Feb 06 14:43:48 +0000 2025,1141,Karena ngetren lagi ku ikutan jg. Ku #KaburAjaDulu nya jalur nekat ke JP - Full Privately Funded study - Kerja part-time 5++ tahun sblm lulus. - Skrg jd risercer Kl ada yg bisa ku bantu bs reply u/ usul topik bahasan. Tp maap2 I can't help beyond your willingness to act ,1887512522351321341,,,in,"Tokyo, Japan",9,21,126,https://x.com/farislmn/status/1887512522351321341,64129717,farislmn,35.6768601,139.7638947,Êó•Êú¨
1887503329426874814,Thu Feb 06 14:07:16 +0000 2025,118,Salah satu alesan gw males #KaburAjaDulu adalah karena gak ada pagi sore di luar negeri. Jadi jangan tanya2 lagi kenapa. ,1887503329426874814,,,in,ID,5,22,10,https://x.com/imrenagi/status/1887503329426874814,157604142,imrenagi,-2.4833826,117.8902853,Indonesia
1887428517232619885,Thu Feb 06 09:09:59 +0000 2025,2165,The extend of this #KaburAjaDulu ada jurnalis yang wwcr via tertulis. Trus di akhir chatnya dia nanya mas ini pertanyaan di luar topik wwcr tapi kalau untuk profesi jurnalis mas tahu ga kesempatan untuk keluar bagaimana. Saya juga sudah frustrasi dengan xxxxx ,1887428517232619885,,,in,"Berlin, Germany",34,23,333,https://x.com/SumitroYoel/status/1887428517232619885,1214199801576714240,SumitroYoel,52.510885,13.3989367,Deutschland
1887345545553059967,Thu Feb 06 03:40:17 +0000 2025,35795,Yg punya info loker di LN tlg share di sini #KaburAjaDulu,1887345545553059967,,,in,Indonesia,396,521,7049,https://x.com/berlianidris/status/1887345545553059967,230696471,berlianidris,-2.4833826,117.8902853,Indonesia
1887081714947891627,Wed Feb 05 10:11:55 +0000 2025,10231,Omataseee~~!! ^^ Buat temen-temen yg lagi mengejar N5 &amp; N4 atau yang baru belajar bahasa Jepang atau yg sekedar ingin bisa kaiwa atau bahkan ingin #KaburAjaDulu ? Wkwkwk aku ada sedikit rekomendasi harus belajar bhs Jepang dari mana dan bagaimana~ Semoga bermanfaat yaa! https://t.co/jCzkNS68ER,1887081714947891627,https://pbs.twimg.com/media/GjBC0FsakAA3RmT.jpg,,in,Masih di Bumi,164,57,1845,https://x.com/rohalus__/status/1887081714947891627,1186660320908988421,rohalus__,-3.2877557,114.58310791285282,Indonesia
1884948192040808846,Thu Jan 30 12:54:04 +0000 2025,489,Loker #KaburAjaDulu ke üáØüáµ untuk techbros/techsis Platform Engineer (Developer Experience) requirement singkat di bawah ini: 1. Punya pengalaman di DevEx diutamakan. 2. Punya pengalaman di Rust/TypeScript. 3. Pengalaman minimal 5-7 tahun dalam membangun produk. 4. Bisa https://t.co/SKr23qJinU,1884948192040808846,https://pbs.twimg.com/media/GiiteiobIAAYG8q.jpg,,in,"Busan, Republic of Korea",12,25,105,https://x.com/primawansatrio/status/1884948192040808846,104823513,primawansatrio,35.1799528,129.0752365,ÎåÄÌïúÎØºÍµ≠
1884898035064279434,Thu Jan 30 09:34:45 +0000 2025,16763,Gw bikin subjektif rating untuk #KaburAjaDulu ke beberapa kota/negara terutama untuk tech companies. Tentu sangat subjektif berdasarkan pengalaman gw. Dan ini hasilnya. Visa chance itu lebih ke kemungkinan kita bisa kerja dengan legal di sana / perusahaan mau repot2 ngurus visa https://t.co/gEtpJ6tE9u,1884898035064279434,https://pbs.twimg.com/media/GiiAQ7WWkAAfn6T.jpg,,in,"Berlin, Germany",526,225,3481,https://x.com/SumitroYoel/status/1884898035064279434,1214199801576714240,SumitroYoel,52.510885,13.3989367,Deutschland
1883109914068898062,Sat Jan 25 11:09:24 +0000 2025,13640,Buat yang mau #KaburAjaDulu via jalur studi secara spesifik mau ambil S2 di Inggris dan gak mau pake beasiswa yang terikat seperti LPDP &amp; Chevening. Kampus gw (University of Leeds) di 2025 ini provide 500 slot beasiswa untuk international students kuliah S2 di Leeds. Tahun https://t.co/GkdbpVCee9,1883109914068898062,https://pbs.twimg.com/media/GiImR10WEAAkzim.jpg,,in,"Leeds, West Yorkshire",235,88,2049,https://x.com/rocaf0rt/status/1883109914068898062,735713989775106048,rocaf0rt,53.7974185,-1.5437941,United Kingdom
1882830632126190076,Fri Jan 24 16:39:38 +0000 2025,197,AKHIRNYA BISA CABUT BENERAN DARI INDO TAHUN INI HAHAHA #KaburAjaDulu https://t.co/HA0jxQsb94,1882830632126190076,https://pbs.twimg.com/media/GiEoenga4AAUQ2l.jpg,,in,Jakarta Capital Region,2,31,15,https://x.com/ggwellpray/status/1882830632126190076,825004369,ggwellpray,-6.1754049,106.827168,Indonesia
1880153027354771527,Fri Jan 17 07:19:47 +0000 2025,987,#KaburAjaDulu 14 tahun lalu dan ternyata masalah makanan banyak solusinya. Bebas polusi kesetaraan politicians anti korupsi ga pake patwal air minum langsung dari keran ga ada WAG kerjaan bisa liat aurora dan midnight sun. Yap masih belum pengen nukar semua hal baik ini,1880153027354771527,,,in,"Troms√∏, Norway",26,30,204,https://x.com/rykarlsen/status/1880153027354771527,165094284,rykarlsen,69.6516345,18.9558585,Norge
1879983620817056240,Thu Jan 16 20:06:38 +0000 2025,471,Apakah mincot #KaburAjaDulu lewat jalur bule hunter? P! Info expat yang single and ready to mingle yang siap memboyong mincot ke negaranya! Sebuah ide liar karena makin pesimis dan depresif liat kelakuan pejabat publik di konoha ini.,1879983620817056240,,,in,Indonesia,29,41,98,https://x.com/hrdbacot/status/1879983620817056240,501800437,hrdbacot,-2.4833826,117.8902853,Indonesia
1879976896550900095,Thu Jan 16 19:39:55 +0000 2025,480,Tidak jadi #KaburAjaDulu karena tidak bisa makan makanan Indonesia? sebenernya ini bisa kita atasi dengan belajar masak ingat memasak itu salah satu bentuk skill kehidupan buat survival bukan tanggung jawab gender Apalagi sekarang udah banyak tutorial memasak kalo masih,1879976896550900095,,,in,Indonesia,24,30,111,https://x.com/hrdbacot/status/1879976896550900095,501800437,hrdbacot,-2.4833826,117.8902853,Indonesia
1879785896142324214,Thu Jan 16 07:00:57 +0000 2025,334,#KaburAjaDulu ini bisa lewat makanan. Belum maksimal Gastrodiplomacy kita tuh. Belum kyk Turki lewat Kebab Vietnam lewat Pho dsb Potensi dari Nasi Padang masih gede. Rawon Wedangan(?). nasi soto/goreng babat Jangan seblak pokoknya,1879785896142324214,,,in,Indonesia,6,27,103,https://x.com/hrdbacot/status/1879785896142324214,501800437,hrdbacot,-2.4833826,117.8902853,Indonesia
1879513527234548128,Wed Jan 15 12:58:39 +0000 2025,682,Mulai considering buat #KaburAjaDulu ,1879513527234548128,,,in,"Jakarta Selatan, DKI Jakarta",19,28,116,https://x.com/MSMujab22/status/1879513527234548128,310751498,MSMujab22,-6.28381815,106.80486325728526,Indonesia
1879398241864970512,Wed Jan 15 05:20:33 +0000 2025,6971,Lowongan #KaburAjaDulu relocation ke Tokyo Jepang üáØüáµ UI/UX DESIGNER 3-5th experience. Full bahasa Inggris gk perlu Japanese. Reply dengan portfolio desain kamu kalo cocok gw DM buat referral Work life balance mantep temen asik kalo muslim ttp bisa solat dll.,1879398241864970512,,,in,"Tokyo-to, Japan",225,300,1094,https://x.com/briandito/status/1879398241864970512,77729542,briandito,35.6768601,139.7638947,Êó•Êú¨
1879221961857093976,Tue Jan 14 17:40:04 +0000 2025,385,Kemarin mincot baru bilang masa #KaburAjaDulu ke vietnam lah ini ada lagi yang lebih deket masa iya kita kebalap lagi ,1879221961857093976,,,in,Indonesia,2,14,105,https://x.com/hrdbacot/status/1879221961857093976,501800437,hrdbacot,-2.4833826,117.8902853,Indonesia
1879147559417167897,Tue Jan 14 12:44:25 +0000 2025,1766,Another #KaburAjaDulu lokasi di Kuala Lumpur. Asli ini lo modal bisa bahasa inggris doang udah bisa kerja di KL dengan kualitas hidup yang jauh lebih baik. Ini review jujur gue dulu kerja di kantor ini soalnya. Yuk fresher yang bisa bahasa inggris daftar cepetan! https://t.co/7aCoZ04DC3,1879147559417167897,https://pbs.twimg.com/media/GhQSvXLaEAEgTgZ.jpg,,in,Sapporo City Higashi Ward,48,64,287,https://x.com/Saefullloh/status/1879147559417167897,149007500,Saefullloh,43.0759028,141.3636658,Êó•Êú¨
1879025166648590539,Tue Jan 14 04:38:04 +0000 2025,435,Memang yang terbaik secara pribadi juga aku preferensikan #KaburAjaDulu atau cari remote job luar. Job market disini versus biaya hidup tidak lagi berbanding lurus. That's why aku initiate Web3 Fundamentals for free kemarin supaya banyak yang coba ke market Web3. Salary Junior,1879025166648590539,,,in,Blockchain,0,42,58,https://x.com/milhamrk/status/1879025166648590539,2212452650,milhamrk,44.6465984,34.4007341,–£–∫—Ä–∞—ó–Ω–∞
1878856595884671099,Mon Jan 13 17:28:14 +0000 2025,7156,Masa iya kita #KaburAjaDulu akan ke vietnam? Berati kan kita secara development negara kita kebalap banget dong udah kebalap malaysia singapore sekarang vietnam. Ini secara political will sebenernya kita mau jadi apa? Kaya gak keliatan gitu roadmapnya 2045 emas,1878856595884671099,,,in,Indonesia,220,319,2131,https://x.com/hrdbacot/status/1878856595884671099,501800437,hrdbacot,-2.4833826,117.8902853,Indonesia
1878709504482959851,Mon Jan 13 07:43:45 +0000 2025,24230,Sebagai orang yang pernah tinggal di Malaysia selama 4 tahun aku merekomendasikan Malaysia bagi kalian yang mau #KaburAjaDulu. Negara makmur kriminalitas rendah lebih bersih kuliner top habis. Bagi Muslim Malaysia pasti homey banget. Mayoritas Muslim. Bagi Chindo ,1878709504482959851,,,in,"Jakarta, Indonesia",799,555,3422,https://x.com/arjunaskykok/status/1878709504482959851,753309366,arjunaskykok,-6.1754049,106.827168,Indonesia
1872245792486125917,Thu Dec 26 11:39:16 +0000 2024,2410,Minggu depan udah 2025. Cuma mau ngingetin yang pengen #KaburAjaDulu jalur beasiswa ke luar negeri yang ga mesti balik ke Indonesia banyak buka. Siapkan diri sebaik-baiknya. Semoga tahun depan diaspora yang menyebalkannya tambah banyak ,1872245792486125917,,,in,"Busan, Republic of Korea",56,19,457,https://x.com/primawansatrio/status/1872245792486125917,104823513,primawansatrio,35.1799528,129.0752365,ÎåÄÌïúÎØºÍµ≠
1869742128328491154,Thu Dec 19 13:50:36 +0000 2024,224,Ada UI/UX designer &amp; FE Developer di sini yang punya N3? Ada loker #KaburAjaDulu ke Jepang besok pagi aku up di channel WA ya.,1869742128328491154,,,in,"Busan, Republic of Korea",11,23,47,https://x.com/primawansatrio/status/1869742128328491154,104823513,primawansatrio,35.1799528,129.0752365,ÎåÄÌïúÎØºÍµ≠
1869304985168892020,Wed Dec 18 08:53:33 +0000 2024,909,Gw berharap para recruiter spesialis #KaburAjaDulu pada kebanjiran client Biar daya serap nya makin nambah. Di sisi lain gw juga mulai rapih2 dulu proses hiring dan relokasi yg lagi berjalan. Soon insyaallah bisa ikutan berkontribusi menyerap talenta2 Indonesia.,1869304985168892020,,,in,"Tokyo-to, Japan",15,34,210,https://x.com/adith_wp/status/1869304985168892020,246398684,adith_wp,35.6768601,139.7638947,Êó•Êú¨
1868652268230525276,Mon Dec 16 13:39:53 +0000 2024,258,Tebak nama major gaming and animation franchise. Petunjuknya MC suka pindah dari gym satu ke gym lain tapi ga berotot. Yang bener akan aku DM untuk free 30 mins career consultation. Semoga beruntung buat dapat hadiah ini di akhir tahun dan 2025 bisa #kaburajadulu https://t.co/Td1fkIabLl,1868652268230525276,https://pbs.twimg.com/media/Ge7JVHpbIAAnm02.jpg,,in,"Busan, Republic of Korea",22,54,39,https://x.com/primawansatrio/status/1868652268230525276,104823513,primawansatrio,35.1799528,129.0752365,ÎåÄÌïúÎØºÍµ≠
1868577360456593624,Mon Dec 16 08:42:13 +0000 2024,741,Lama nggak update krn lagi cooking sesuatu Cocok buat yang mau asah latihan IELTS speaking english buat kawan2 yg mau #KaburAjaDulu. Sekarang udah ada 15+ orang yang coba dan rata-rata feedbacknya positif Buat yg mau akses betanya nanti bisa DM aja gratiss selama https://t.co/qDN8HnZoW0,1868577360456593624,https://pbs.twimg.com/media/Ge6B1ZfacAAp3tm.jpg,,in,Jakarta,5,32,102,https://x.com/bgwastu/status/1868577360456593624,4362822912,bgwastu,-6.1754049,106.827168,Indonesia
1859446797674086615,Thu Nov 21 04:00:38 +0000 2024,3094,Satu lagi kandidat kami yang sudah mendarat di bandara Narita di minggu ini dan akan mulai kerja dengan perusahaan üáØüáµ sebagai software engineer di awal Desember nanti. Kamu kapan mau ikut #KaburAjaDulu ? https://t.co/EgcRxhEC3S,1859446797674086615,https://pbs.twimg.com/media/Gc4VAK4aAAQXdyC.jpg,,in,"Busan, Republic of Korea",96,184,281,https://x.com/primawansatrio/status/1859446797674086615,104823513,primawansatrio,35.1799528,129.0752365,ÎåÄÌïúÎØºÍµ≠
1849420579839054187,Thu Oct 24 12:00:01 +0000 2024,474,Sebuah info #KaburAjaDulu: kerja di KIX (Osaka) visa gijinkoku gaji sekitar ¬•200K + subsidi tempat tinggal. Buat yang masih single boleh ni. Interview offline di Jakarta gaes bulan depan. Yang berminat bisa langsung ke https://t.co/eJ24peufj5 atau DM ke IG KapanJepan ya! https://t.co/cj76LRZbTA,1849420579839054187,https://pbs.twimg.com/media/GapbD7XaAAAw03R.jpg,,in,"Tokyo-to, Japan",22,16,118,https://x.com/sisthaaaaa/status/1849420579839054187,61684120,sisthaaaaa,35.6768601,139.7638947,Êó•Êú¨
1843920462885409021,Wed Oct 09 07:44:31 +0000 2024,580,Baru banget dikirim sama prof saya di kampus S2 saya dulu di Hungary üá≠üá∫. Yg tertarik #kaburajadulu melalui S2 dengan beasiswa full +biaya hidup terutama di jurusan berhubungan dengan kebumian energi dan juga lingkungan bisa join di link berikut: https://t.co/df57AHyKwP https://t.co/WABcLiSi9R,1843920462885409021,https://pbs.twimg.com/media/GZbq2wlXAAAL-tT.jpg,,in,"Trondheim, Norway",12,25,98,https://x.com/MN_aliakbar/status/1843920462885409021,191052956,MN_aliakbar,63.4304475,10.3952118,Norge
1843904949471846542,Wed Oct 09 06:42:52 +0000 2024,2193,Loker #KaburAjaDulu ke Jepang. Open buat fresh grad dan bisa semua jurusan selama punya JLPT N3. Send your resume to elsys@satriocs.com. Deadline di 30 Oktober 2024. https://t.co/2u0zUeKk9a,1843904949471846542,https://pbs.twimg.com/media/GZbbhTlasAAHcDt.jpg,,in,"Busan, Republic of Korea",86,59,480,https://x.com/primawansatrio/status/1843904949471846542,104823513,primawansatrio,35.1799528,129.0752365,ÎåÄÌïúÎØºÍµ≠
1843690294963052602,Tue Oct 08 16:29:55 +0000 2024,1014,Yook yg mau #kaburAjaDulu via S3 d Norway. Gaji NOK 532 200 per annum before tax. Yaa kurleb sekitar 40-45 jutaan lah perbulan kalo udah potong tax... Cukup kok bawa keluarga .,1843690294963052602,,,in,"Trondheim, Norway",9,24,166,https://x.com/MN_aliakbar/status/1843690294963052602,191052956,MN_aliakbar,63.4304475,10.3952118,Norge
1842841863918870633,Sun Oct 06 08:18:33 +0000 2024,495,Benci pemerintah lalu memutuskan #KaburAjaDulu itu sah-sah aja. Lha temen kantor gw orang Swedia aja eneg sama negaranya sampe2 anti beli apapun yg berbau Swedia. Segitu katanya di sana politisinya gak kayak di Wakanda. Apalagi gw ,1842841863918870633,,,in,"Tokyo-to, Japan",8,13,66,https://x.com/adith_wp/status/1842841863918870633,246398684,adith_wp,35.6768601,139.7638947,Êó•Êú¨
1842320699261907384,Fri Oct 04 21:47:38 +0000 2024,2117,Buat teman2 yang mau #KaburAjaDulu it s the time! Saya sendiri merasa rekruter luar negeri masuk ke inbox semakin banyak akhir2 ini Mimpi saya supaya semakin banyak engineer Indonesia mengglobal dan berkiprah di luar negeri How can I help you?,1842320699261907384,,,in,Jakarta,20,39,323,https://x.com/girikuncoro/status/1842320699261907384,136962040,girikuncoro,-6.1754049,106.827168,Indonesia
1840722763419717842,Mon Sep 30 11:58:00 +0000 2024,974,Dalam sebulan dua kandidat dari üáÆüá© nerima offer dari klien kami di üáØüáµ untuk bekerja sebagai professional. Satu masih junior punya N1. Yang satu lagi senior. Sedikit demi sedikit lama-lama brain drain. Amin~ Kamu kapan ikut #KaburAjaDulu ? https://t.co/nakQxpFJSr,1840722763419717842,https://pbs.twimg.com/media/GYuPmQ9boAA5AIa.jpg,,in,"Busan, Republic of Korea",18,55,86,https://x.com/primawansatrio/status/1840722763419717842,104823513,primawansatrio,35.1799528,129.0752365,ÎåÄÌïúÎØºÍµ≠
1834505771159056640,Fri Sep 13 08:13:53 +0000 2024,7733,Kemaren banyak yg nanya gmana caranya dpt kerja d Yurop terutama penganut keras #kaburAjaDulu saya spill deh pengalaman dan sedikit pengetahun saya selama 7 tahun mengembara lintas benua. *Photo hanya pemanis* -- A Thread -- https://t.co/pp3XV81ewV,1834505771159056640,https://pbs.twimg.com/media/GXV18E2XEAAqHeH.jpg,,in,"Trondheim, Norway",79,86,1375,https://x.com/MN_aliakbar/status/1834505771159056640,191052956,MN_aliakbar,63.4304475,10.3952118,Norge
1832784437702172804,Sun Sep 08 14:13:56 +0000 2024,3961,Mau cerita pengalaman #KaburAjaDulu tapi bukan dari sisi aku sendiri tapi ceritaku lebih ke visi untuk empower anak Indonesia yang lain untuk kerja ke luar negeri sebagai professional. Bakal panjang + ada muatan politik dikit. Read at your own discretion.,1832784437702172804,,,in,"Busan, Republic of Korea",14,22,602,https://x.com/primawansatrio/status/1832784437702172804,104823513,primawansatrio,35.1799528,129.0752365,ÎåÄÌïúÎØºÍµ≠
1832721308226060405,Sun Sep 08 10:03:04 +0000 2024,694,Success rate saya membantu orang #KaburAjaDulu meningkat dari 82% Ô∏è 86% lalu turun Ô∏è 84% pada tahun 2024. Selama itu saya menyimpulkan bahwa tech winter unfortunately masih going strong Namun saya menyadari bahwa selain membantu orang2 #KaburAjaDulu saya juga bisa https://t.co/q4AFXdw5c6,1832721308226060405,https://pbs.twimg.com/media/GW8iT9-bsAAT9cW.jpg,,in,üü©üü©üü©üü©üü©üü®‚¨ú‚¨ú‚¨ú 1000 students,9,25,86,https://x.com/lwastuargo/status/1832721308226060405,272963359,lwastuargo,38.73301525,-9.14927122180537,Portugal
1831955900090962361,Fri Sep 06 07:21:37 +0000 2024,2668,andai gaji guru/dosen peneliti dan nakes segini besarnya Indonesia akan kaya singapore gak ya? apakah masih ada gerakan #KaburAjaDulu untuk Indonesia 2045 brain drain?,1831955900090962361,,,in,Indonesia,46,86,1217,https://x.com/hrdbacot/status/1831955900090962361,501800437,hrdbacot,-2.4833826,117.8902853,Indonesia
1831921465211650170,Fri Sep 06 05:04:47 +0000 2024,3081,Coba sharing pengalaman pribadi kalian berjuang untuk #KaburAjaDulu kerja ke luar negeri,1831921465211650170,,,in,Indonesia,440,151,732,https://x.com/hrdbacot/status/1831921465211650170,501800437,hrdbacot,-2.4833826,117.8902853,Indonesia
1825372271227060416,Mon Aug 19 03:20:37 +0000 2024,1243,Halo. ak mau informasikan lowongan di tempat kerjaku. Gaji: 4.5 - 6 juta JPY per tahun (blm termasuk tunjangan) Syarat utama: - S2 - JLPT (~N2) DAN Inggris (~TOEFL 550) Boleh RT nya senpai tachi @sisthaaaaa @hrdbacot @primawansatrio @praditdita #KaburAjaDulu Next,1825372271227060416,,,in,"Tokyo, Japan",87,34,385,https://x.com/farislmn/status/1825372271227060416,64129717,farislmn,35.6768601,139.7638947,Êó•Êú¨
1800178890641699308,Mon Jun 10 14:51:07 +0000 2024,4584,Aku udah beberapa kali share caranya buat #KaburAjaDulu: minimal punya S1 di dalam negeri lalu keluar atau ambil kuliah S1/S2 di luar negeri dan kerja di sektor formal negara tersebut. Nah kalau lulusan SMA dan SMK gimana dong? Kalau kamu ga punya ijazah S1 tenang kamu masih,1800178890641699308,,,in,"Busan, Republic of Korea",72,36,866,https://x.com/primawansatrio/status/1800178890641699308,104823513,primawansatrio,35.1799528,129.0752365,ÎåÄÌïúÎØºÍµ≠
1788160002857050360,Wed May 08 10:52:21 +0000 2024,60,Selamat long weekend terkecuali buat diaspora #KaburAjaDulu dan pekerja remote luar negeri. ‚ÄçÔ∏è,1788160002857050360,,,in,"Borobudur, Indonesia",5,14,1,https://x.com/lynxluna/status/1788160002857050360,69194832,lynxluna,-7.6079583,110.20382445260663,Indonesia
1767769001424527842,Wed Mar 13 04:25:48 +0000 2024,239,Yang mau kerja di company Jepang non IT position Kantor ku lagi cari Talent scouter nih Japanese N3 remote dari Indonesia kalau performance ok visa support available! Yuk #kaburajadulu Boleh RT nya senpai tachi @sisthaaaaa @hrdbacot @primawansatrio https://t.co/hvSrDFfbm3,1767769001424527842,https://pbs.twimg.com/media/GIhgiTGbsAEYwP0.jpg,,in,Á•ûÂ•àÂ∑ùÁúå,17,30,138,https://x.com/praditdita/status/1767769001424527842,61713426,praditdita,35.4342935,139.374753,Êó•Êú¨
